#,Generation,Name,Type 1,Type 2,HP,Attack,Defense,Sp. Atk,Sp. Def,Speed,Total
1,1,Bulbasaur,Grass,Poison,45,49,49,65,65,45,318
2,1,Ivysaur,Grass,Poison,60,62,63,80,80,60,405
3,1,Venusaur,Grass,Poison,80,82,83,100,100,80,525
3,1,"Venusaur
Mega Venusaur",Grass,Poison,80,100,123,122,120,80,625
4,1,Charmander,Fire,,39,52,43,60,50,65,309
5,1,Charmeleon,Fire,,58,64,58,80,65,80,405
6,1,Charizard,Fire,Flying,78,84,78,109,85,100,534
6,1,"Charizard
Mega Charizard X",Fire,Dragon,78,130,111,130,85,100,634
6,1,"Charizard
Mega Charizard Y",Fire,Flying,78,104,78,159,115,100,634
7,1,Squirtle,Water,Water,44,48,65,50,64,43,314
8,1,Wartortle,Water,Water,59,63,80,65,80,58,405
9,1,Blastoise,Water,Water,79,83,100,85,105,78,530
9,1,"Blastoise
Mega Blastoise",Water,Water,79,103,120,135,115,78,630
10,1,Caterpie,Bug,,45,30,35,20,20,45,195
11,1,Metapod,Bug,,50,20,55,25,25,30,205
12,1,Butterfree,Bug,Flying,60,45,50,90,80,70,395
13,1,Weedle,Bug,Poison,40,35,30,20,20,50,195
14,1,Kakuna,Bug,Poison,45,25,50,25,25,35,205
15,1,Beedrill,Bug,Poison,65,90,40,45,80,75,395
15,1,"Beedrill
Mega Beedrill",Bug,Poison,65,150,40,15,80,145,495
16,1,Pidgey,Normal,Flying,40,45,40,35,35,56,251
17,1,Pidgeotto,Normal,Flying,63,60,55,50,50,71,349
18,1,Pidgeot,Normal,Flying,83,80,75,70,70,101,479
18,1,"Pidgeot
Mega Pidgeot",Normal,Flying,83,80,80,135,80,121,579
19,1,Rattata,Normal,,30,56,35,25,35,72,253
19,1,"Rattata
Alolan Rattata",Dark,Normal,30,56,35,25,35,72,253
20,1,Raticate,Normal,,55,81,60,50,70,97,413
20,1,"Raticate
Alolan Raticate",Dark,Normal,75,71,70,40,80,77,413
21,1,Spearow,Normal,Flying,40,60,30,31,31,70,262
22,1,Fearow,Normal,Flying,65,90,65,61,61,100,442
23,1,Ekans,Poison,,35,60,44,40,54,55,288
24,1,Arbok,Poison,,60,95,69,65,79,80,448
25,1,Pikachu,Electric,,35,55,40,50,50,90,320
25,1,"Pikachu
Partner Pikachu",Electric,,45,80,50,75,60,120,430
26,1,Raichu,Electric,,60,90,55,90,80,110,485
26,1,"Raichu
Alolan Raichu",Electric,Psychic,60,85,50,95,85,110,485
27,1,Sandshrew,Ground,,50,75,85,20,30,40,300
27,1,"Sandshrew
Alolan Sandshrew",Ice,Steel,50,75,90,10,35,40,300
28,1,Sandslash,Ground,,75,100,110,45,55,65,450
28,1,"Sandslash
Alolan Sandslash",Ice,Steel,75,100,120,25,65,65,450
29,1,Nidoran♀,Poison,,55,47,52,40,40,41,275
30,1,Nidorina,Poison,,70,62,67,55,55,56,365
31,1,Nidoqueen,Poison,Ground,90,92,87,75,85,76,505
32,1,Nidoran♂,Poison,Poison,46,57,40,40,40,50,273
33,1,Nidorino,Poison,Poison,61,72,57,55,55,65,365
34,1,Nidoking,Poison,Ground,81,102,77,85,75,85,505
35,1,Clefairy,Fairy,,70,45,48,60,65,35,323
36,1,Clefable,Fairy,,95,70,73,95,90,60,483
37,1,Vulpix,Fire,,38,41,40,50,65,65,299
37,1,"Vulpix
Alolan Vulpix",Ice,,38,41,40,50,65,65,299
38,1,Ninetales,Fire,,73,76,75,81,100,100,505
38,1,"Ninetales
Alolan Ninetales",Ice,Fairy,73,67,75,81,100,109,505
39,1,Jigglypuff,Normal,Fairy,115,45,20,45,25,20,270
40,1,Wigglytuff,Normal,Fairy,140,70,45,85,50,45,435
41,1,Zubat,Poison,Flying,40,45,35,30,40,55,245
42,1,Golbat,Poison,Flying,75,80,70,65,75,90,455
43,1,Oddish,Grass,Poison,45,50,55,75,65,30,320
44,1,Gloom,Grass,Poison,60,65,70,85,75,40,395
45,1,Vileplume,Grass,Poison,75,80,85,110,90,50,490
46,1,Paras,Bug,Grass,35,70,55,45,55,25,285
47,1,Parasect,Bug,Grass,60,95,80,60,80,30,405
48,1,Venonat,Bug,Poison,60,55,50,40,55,45,305
49,1,Venomoth,Bug,Poison,70,65,60,90,75,90,450
50,1,Diglett,Ground,,10,55,25,35,45,95,265
50,1,"Diglett
Alolan Diglett",Ground,Steel,10,55,30,35,45,90,265
51,1,Dugtrio,Ground,Ground,35,100,50,50,70,120,425
51,1,"Dugtrio
Alolan Dugtrio",Ground,Steel,35,100,60,50,70,110,425
52,1,Meowth,Normal,,40,45,35,40,40,90,290
52,1,"Meowth
Alolan Meowth",Dark,,40,35,35,50,40,90,290
52,1,"Meowth
Galarian Meowth",Steel,,50,65,55,40,40,40,290
53,1,Persian,Normal,,65,70,60,65,65,115,440
53,1,"Persian
Alolan Persian",Dark,,65,60,60,75,65,115,440
54,1,Psyduck,Water,,50,52,48,65,50,55,320
55,1,Golduck,Water,,80,82,78,95,80,85,500
56,1,Mankey,Fighting,,40,80,35,35,45,70,305
57,1,Primeape,Fighting,,65,105,60,60,70,95,455
58,1,Growlithe,Fire,,55,70,45,70,50,60,350
58,1,"Growlithe
Hisuian Growlithe",Fire,Rock,60,75,45,65,50,55,350
59,1,Arcanine,Fire,,90,110,80,100,80,95,555
59,1,"Arcanine
Hisuian Arcanine",Fire,Rock,95,115,80,95,80,90,555
60,1,Poliwag,Water,,40,50,40,40,40,90,300
61,1,Poliwhirl,Water,,65,65,65,50,50,90,385
62,1,Poliwrath,Water,Fighting,90,95,95,70,90,70,510
63,1,Abra,Psychic,,25,20,15,105,55,90,310
64,1,Kadabra,Psychic,,40,35,30,120,70,105,400
65,1,Alakazam,Psychic,,55,50,45,135,95,120,500
65,1,"Alakazam
Mega Alakazam",Psychic,,55,50,65,175,105,150,600
66,1,Machop,Fighting,,70,80,50,35,35,35,305
67,1,Machoke,Fighting,,80,100,70,50,60,45,405
68,1,Machamp,Fighting,,90,130,80,65,85,55,505
69,1,Bellsprout,Grass,Poison,50,75,35,70,30,40,300
70,1,Weepinbell,Grass,Poison,65,90,50,85,45,55,390
71,1,Victreebel,Grass,Poison,80,105,65,100,70,70,490
72,1,Tentacool,Water,Poison,40,40,35,50,100,70,335
73,1,Tentacruel,Water,Poison,80,70,65,80,120,100,515
74,1,Geodude,Rock,Ground,40,80,100,30,30,20,300
74,1,"Geodude
Alolan Geodude",Rock,Electric,40,80,100,30,30,20,300
75,1,Graveler,Rock,Ground,55,95,115,45,45,35,390
75,1,"Graveler
Alolan Graveler",Rock,Electric,55,95,115,45,45,35,390
76,1,Golem,Rock,Ground,80,120,130,55,65,45,495
76,1,"Golem
Alolan Golem",Rock,Electric,80,120,130,55,65,45,495
77,1,Ponyta,Fire,,50,85,55,65,65,90,410
77,1,"Ponyta
Galarian Ponyta",Psychic,,50,85,55,65,65,90,410
78,1,Rapidash,Fire,,65,100,70,80,80,105,500
78,1,"Rapidash
Galarian Rapidash",Psychic,Fairy,65,100,70,80,80,105,500
79,1,Slowpoke,Water,Psychic,90,65,65,40,40,15,315
79,1,"Slowpoke
Galarian Slowpoke",Psychic,,90,65,65,40,40,15,315
80,1,Slowbro,Water,Psychic,95,75,110,100,80,30,490
80,1,"Slowbro
Mega Slowbro",Water,Psychic,95,75,180,130,80,30,590
80,1,"Slowbro
Galarian Slowbro",Poison,Psychic,95,100,95,100,70,30,490
81,1,Magnemite,Electric,Steel,25,35,70,95,55,45,325
82,1,Magneton,Electric,Steel,50,60,95,120,70,70,465
83,1,Farfetch'd,Normal,Flying,52,90,55,58,62,60,377
83,1,"Farfetch'd
Galarian Farfetch'd",Fighting,Fighting,52,95,55,58,62,55,377
84,1,Doduo,Normal,Flying,35,85,45,35,35,75,310
85,1,Dodrio,Normal,Flying,60,110,70,60,60,110,470
86,1,Seel,Water,,65,45,55,45,70,45,325
87,1,Dewgong,Water,Ice,90,70,80,70,95,70,475
88,1,Grimer,Poison,,80,80,50,40,50,25,325
88,1,"Grimer
Alolan Grimer",Poison,Dark,80,80,50,40,50,25,325
89,1,Muk,Poison,,105,105,75,65,100,50,500
89,1,"Muk
Alolan Muk",Poison,Dark,105,105,75,65,100,50,500
90,1,Shellder,Water,,30,65,100,45,25,40,305
91,1,Cloyster,Water,Ice,50,95,180,85,45,70,525
92,1,Gastly,Ghost,Poison,30,35,30,100,35,80,310
93,1,Haunter,Ghost,Poison,45,50,45,115,55,95,405
94,1,Gengar,Ghost,Poison,60,65,60,130,75,110,500
94,1,"Gengar
Mega Gengar",Ghost,Poison,60,65,80,170,95,130,600
95,1,Onix,Rock,Ground,35,45,160,30,45,70,385
96,1,Drowzee,Psychic,,60,48,45,43,90,42,328
97,1,Hypno,Psychic,,85,73,70,73,115,67,483
98,1,Krabby,Water,,30,105,90,25,25,50,325
99,1,Kingler,Water,,55,130,115,50,50,75,475
100,1,Voltorb,Electric,,40,30,50,55,55,100,330
100,1,"Voltorb
Hisuian Voltorb",Electric,Grass,40,30,50,55,55,100,330
101,1,Electrode,Electric,,60,50,70,80,80,150,490
101,1,"Electrode
Hisuian Electrode",Electric,Grass,60,50,70,80,80,150,490
102,1,Exeggcute,Grass,Psychic,60,40,80,60,45,40,325
103,1,Exeggutor,Grass,Psychic,95,95,85,125,75,55,530
103,1,"Exeggutor
Alolan Exeggutor",Grass,Dragon,95,105,85,125,75,45,530
104,1,Cubone,Ground,,50,50,95,40,50,35,320
105,1,Marowak,Ground,,60,80,110,50,80,45,425
105,1,"Marowak
Alolan Marowak",Fire,Ghost,60,80,110,50,80,45,425
106,1,Hitmonlee,Fighting,,50,120,53,35,110,87,455
107,1,Hitmonchan,Fighting,,50,105,79,35,110,76,455
108,1,Lickitung,Normal,,90,55,75,60,75,30,385
109,1,Koffing,Poison,,40,65,95,60,45,35,340
110,1,Weezing,Poison,,65,90,120,85,70,60,490
110,1,"Weezing
Galarian Weezing",Poison,Fairy,65,90,120,85,70,60,490
111,1,Rhyhorn,Ground,Rock,80,85,95,30,30,25,345
112,1,Rhydon,Ground,Rock,105,130,120,45,45,40,485
113,1,Chansey,Normal,,250,5,5,35,105,50,450
114,1,Tangela,Grass,,65,55,115,100,40,60,435
115,1,Kangaskhan,Normal,,105,95,80,40,80,90,490
115,1,"Kangaskhan
Mega Kangaskhan",Normal,,105,125,100,60,100,100,590
116,1,Horsea,Water,,30,40,70,70,25,60,295
117,1,Seadra,Water,,55,65,95,95,45,85,440
118,1,Goldeen,Water,,45,67,60,35,50,63,320
119,1,Seaking,Water,,80,92,65,65,80,68,450
120,1,Staryu,Water,,30,45,55,70,55,85,340
121,1,Starmie,Water,Psychic,60,75,85,100,85,115,520
122,1,Mr. Mime,Psychic,Fairy,40,45,65,100,120,90,460
122,1,"Mr. Mime
Galarian Mr. Mime",Ice,Psychic,50,65,65,90,90,100,460
123,1,Scyther,Bug,Flying,70,110,80,55,80,105,500
124,1,Jynx,Ice,Psychic,65,50,35,115,95,95,455
125,1,Electabuzz,Electric,,65,83,57,95,85,105,490
126,1,Magmar,Fire,,65,95,57,100,85,93,495
127,1,Pinsir,Bug,,65,125,100,55,70,85,500
127,1,"Pinsir
Mega Pinsir",Bug,Flying,65,155,120,65,90,105,600
128,1,Tauros,Normal,,75,100,95,40,70,110,490
128,1,"Tauros
Combat Breed",Fighting,,75,110,105,30,70,100,490
128,1,"Tauros
Blaze Breed",Fighting,Fire,75,110,105,30,70,100,490
128,1,"Tauros
Aqua Breed",Fighting,Water,75,110,105,30,70,100,490
129,1,Magikarp,Water,,20,10,55,15,20,80,200
130,1,Gyarados,Water,Flying,95,125,79,60,100,81,540
130,1,"Gyarados
Mega Gyarados",Water,Dark,95,155,109,70,130,81,640
131,1,Lapras,Water,Ice,130,85,80,85,95,60,535
132,1,Ditto,Normal,,48,48,48,48,48,48,288
133,1,Eevee,Normal,,55,55,50,45,65,55,325
133,1,"Eevee
Partner Eevee",Normal,,65,75,70,65,85,75,435
134,1,Vaporeon,Water,,130,65,60,110,95,65,525
135,1,Jolteon,Electric,,65,65,60,110,95,130,525
136,1,Flareon,Fire,,65,130,60,95,110,65,525
137,1,Porygon,Normal,,65,60,70,85,75,40,395
138,1,Omanyte,Rock,Water,35,40,100,90,55,35,355
139,1,Omastar,Rock,Water,70,60,125,115,70,55,495
140,1,Kabuto,Rock,Water,30,80,90,55,45,55,355
141,1,Kabutops,Rock,Water,60,115,105,65,70,80,495
142,1,Aerodactyl,Rock,Flying,80,105,65,60,75,130,515
142,1,"Aerodactyl
Mega Aerodactyl",Rock,Flying,80,135,85,70,95,150,615
143,1,Snorlax,Normal,,160,110,65,65,110,30,540
144,1,Articuno,Ice,Flying,90,85,100,95,125,85,580
144,1,"Articuno
Galarian Articuno",Psychic,Flying,90,85,85,125,100,95,580
145,1,Zapdos,Electric,Flying,90,90,85,125,90,100,580
145,1,"Zapdos
Galarian Zapdos",Fighting,Flying,90,125,90,85,90,100,580
146,1,Moltres,Fire,Flying,90,100,90,125,85,90,580
146,1,"Moltres
Galarian Moltres",Dark,Flying,90,85,90,100,125,90,580
147,1,Dratini,Dragon,,41,64,45,50,50,50,300
148,1,Dragonair,Dragon,,61,84,65,70,70,70,420
149,1,Dragonite,Dragon,Flying,91,134,95,100,100,80,600
150,1,Mewtwo,Psychic,,106,110,90,154,90,130,680
150,1,"Mewtwo
Mega Mewtwo X",Psychic,Fighting,106,190,100,154,100,130,780
150,1,"Mewtwo
Mega Mewtwo Y",Psychic,,106,150,70,194,120,140,780
151,1,Mew,Psychic,,100,100,100,100,100,100,600
152,2,Chikorita,Grass,,45,49,65,49,65,45,318
153,2,Bayleef,Grass,,60,62,80,63,80,60,405
154,2,Meganium,Grass,,80,82,100,83,100,80,525
155,2,Cyndaquil,Fire,,39,52,43,60,50,65,309
156,2,Quilava,Fire,,58,64,58,80,65,80,405
157,2,Typhlosion,Fire,,78,84,78,109,85,100,534
157,2,"Typhlosion
Hisuian Typhlosion",Fire,Ghost,73,84,78,119,85,95,534
158,2,Totodile,Water,,50,65,64,44,48,43,314
159,2,Croconaw,Water,,65,80,80,59,63,58,405
160,2,Feraligatr,Water,,85,105,100,79,83,78,530
161,2,Sentret,Normal,,35,46,34,35,45,20,215
162,2,Furret,Normal,,85,76,64,45,55,90,415
163,2,Hoothoot,Normal,Flying,60,30,30,36,56,50,262
164,2,Noctowl,Normal,Flying,100,50,50,86,96,70,452
165,2,Ledyba,Bug,Flying,40,20,30,40,80,55,265
166,2,Ledian,Bug,Flying,55,35,50,55,110,85,390
167,2,Spinarak,Bug,Poison,40,60,40,40,40,30,250
168,2,Ariados,Bug,Poison,70,90,70,60,70,40,400
169,2,Crobat,Poison,Flying,85,90,80,70,80,130,535
170,2,Chinchou,Water,Electric,75,38,38,56,56,67,330
171,2,Lanturn,Water,Electric,125,58,58,76,76,67,460
172,2,Pichu,Electric,,20,40,15,35,35,60,205
173,2,Cleffa,Fairy,,50,25,28,45,55,15,218
174,2,Igglybuff,Normal,Fairy,90,30,15,40,20,15,210
175,2,Togepi,Fairy,,35,20,65,40,65,20,245
176,2,Togetic,Fairy,Flying,55,40,85,80,105,40,405
177,2,Natu,Psychic,Flying,40,50,45,70,45,70,320
178,2,Xatu,Psychic,Flying,65,75,70,95,70,95,470
179,2,Mareep,Electric,,55,40,40,65,45,35,280
180,2,Flaaffy,Electric,,70,55,55,80,60,45,365
181,2,Ampharos,Electric,,90,75,85,115,90,55,510
181,2,"Ampharos
Mega Ampharos",Electric,Dragon,90,95,105,165,110,45,610
182,2,Bellossom,Grass,,75,80,95,90,100,50,490
183,2,Marill,Water,Fairy,70,20,50,20,50,40,250
184,2,Azumarill,Water,Fairy,100,50,80,60,80,50,420
185,2,Sudowoodo,Rock,,70,100,115,30,65,30,410
186,2,Politoed,Water,,90,75,75,90,100,70,500
187,2,Hoppip,Grass,Flying,35,35,40,35,55,50,250
188,2,Skiploom,Grass,Flying,55,45,50,45,65,80,340
189,2,Jumpluff,Grass,Flying,75,55,70,55,95,110,460
190,2,Aipom,Normal,,55,70,55,40,55,85,360
191,2,Sunkern,Grass,,30,30,30,30,30,30,180
192,2,Sunflora,Grass,,75,75,55,105,85,30,425
193,2,Yanma,Bug,Flying,65,65,45,75,45,95,390
194,2,Wooper,Water,Ground,55,45,45,25,25,15,210
194,2,"Wooper
Paldean Wooper",Poison,Ground,55,45,45,25,25,15,210
195,2,Quagsire,Water,Ground,95,85,85,65,65,35,430
196,2,Espeon,Psychic,,65,65,60,130,95,110,525
197,2,Umbreon,Dark,,95,65,110,60,130,65,525
198,2,Murkrow,Dark,Flying,60,85,42,85,42,91,405
199,2,Slowking,Water,Psychic,95,75,80,100,110,30,490
199,2,"Slowking
Galarian Slowking",Poison,Psychic,95,65,80,110,110,30,490
200,2,Misdreavus,Ghost,,60,60,60,85,85,85,435
201,2,Unown,Psychic,,48,72,48,72,48,48,336
202,2,Wobbuffet,Psychic,,190,33,58,33,58,33,405
203,2,Girafarig,Normal,Psychic,70,80,65,90,65,85,455
204,2,Pineco,Bug,,50,65,90,35,35,15,290
205,2,Forretress,Bug,Steel,75,90,140,60,60,40,465
206,2,Dunsparce,Normal,,100,70,70,65,65,45,415
207,2,Gligar,Ground,Flying,65,75,105,35,65,85,430
208,2,Steelix,Steel,Ground,75,85,200,55,65,30,510
208,2,"Steelix
Mega Steelix",Steel,Ground,75,125,230,55,95,30,610
209,2,Snubbull,Fairy,,60,80,50,40,40,30,300
210,2,Granbull,Fairy,,90,120,75,60,60,45,450
211,2,Qwilfish,Water,Poison,65,95,85,55,55,85,440
211,2,"Qwilfish
Hisuian Qwilfish",Dark,Poison,65,95,85,55,55,85,440
212,2,Scizor,Bug,Steel,70,130,100,55,80,65,500
212,2,"Scizor
Mega Scizor",Bug,Steel,70,150,140,65,100,75,600
213,2,Shuckle,Bug,Rock,20,10,230,10,230,5,505
214,2,Heracross,Bug,Fighting,80,125,75,40,95,85,500
214,2,"Heracross
Mega Heracross",Bug,Fighting,80,185,115,40,105,75,600
215,2,Sneasel,Dark,Ice,55,95,55,35,75,115,430
215,2,"Sneasel
Hisuian Sneasel",Fighting,Poison,55,95,55,35,75,115,430
216,2,Teddiursa,Normal,,60,80,50,50,50,40,330
217,2,Ursaring,Normal,,90,130,75,75,75,55,500
218,2,Slugma,Fire,,40,40,40,70,40,20,250
219,2,Magcargo,Fire,Rock,60,50,120,90,80,30,430
220,2,Swinub,Ice,Ground,50,50,40,30,30,50,250
221,2,Piloswine,Ice,Ground,100,100,80,60,60,50,450
222,2,Corsola,Water,Rock,65,55,95,65,95,35,410
222,2,"Corsola
Galarian Corsola",Ghost,,60,55,100,65,100,30,410
223,2,Remoraid,Water,,35,65,35,65,35,65,300
224,2,Octillery,Water,,75,105,75,105,75,45,480
225,2,Delibird,Ice,Flying,45,55,45,65,45,75,330
226,2,Mantine,Water,Flying,85,40,70,80,140,70,485
227,2,Skarmory,Steel,Flying,65,80,140,40,70,70,465
228,2,Houndour,Dark,Fire,45,60,30,80,50,65,330
229,2,Houndoom,Dark,Fire,75,90,50,110,80,95,500
229,2,"Houndoom
Mega Houndoom",Dark,Fire,75,90,90,140,90,115,600
230,2,Kingdra,Water,Dragon,75,95,95,95,95,85,540
231,2,Phanpy,Ground,,90,60,60,40,40,40,330
232,2,Donphan,Ground,,90,120,120,60,60,50,500
233,2,Porygon2,Normal,,85,80,90,105,95,60,515
234,2,Stantler,Normal,,73,95,62,85,65,85,465
235,2,Smeargle,Normal,,55,20,35,20,45,75,250
236,2,Tyrogue,Fighting,,35,35,35,35,35,35,210
237,2,Hitmontop,Fighting,,50,95,95,35,110,70,455
238,2,Smoochum,Ice,Psychic,45,30,15,85,65,65,305
239,2,Elekid,Electric,,45,63,37,65,55,95,360
240,2,Magby,Fire,,45,75,37,70,55,83,365
241,2,Miltank,Normal,,95,80,105,40,70,100,490
242,2,Blissey,Normal,,255,10,10,75,135,55,540
243,2,Raikou,Electric,,90,85,75,115,100,115,580
244,2,Entei,Fire,,115,115,85,90,75,100,580
245,2,Suicune,Water,,100,75,115,90,115,85,580
246,2,Larvitar,Rock,Ground,50,64,50,45,50,41,300
247,2,Pupitar,Rock,Ground,70,84,70,65,70,51,410
248,2,Tyranitar,Rock,Dark,100,134,110,95,100,61,600
248,2,"Tyranitar
Mega Tyranitar",Rock,Dark,100,164,150,95,120,71,700
249,2,Lugia,Psychic,Flying,106,90,130,90,154,110,680
250,2,Ho-oh,Fire,Flying,106,130,90,110,154,90,680
251,2,Celebi,Psychic,Grass,100,100,100,100,100,100,600
252,3,Treecko,Grass,,40,45,35,65,55,70,310
253,3,Grovyle,Grass,,50,65,45,85,65,95,405
254,3,Sceptile,Grass,,70,85,65,105,85,120,530
254,3,"Sceptile
Mega Sceptile",Grass,Dragon,70,110,75,145,85,145,630
255,3,Torchic,Fire,,45,60,40,70,50,45,310
256,3,Combusken,Fire,Fighting,60,85,60,85,60,55,405
257,3,Blaziken,Fire,Fighting,80,120,70,110,70,80,530
257,3,"Blaziken
Mega Blaziken",Fire,Fighting,80,160,80,130,80,100,630
258,3,Mudkip,Water,,50,70,50,50,50,40,310
259,3,Marshtomp,Water,Ground,70,85,70,60,70,50,405
260,3,Swampert,Water,Ground,100,110,90,85,90,60,535
260,3,"Swampert
Mega Swampert",Water,Ground,100,150,110,95,110,70,635
261,3,Poochyena,Dark,,35,55,35,30,30,35,220
262,3,Mightyena,Dark,,70,90,70,60,60,70,420
263,3,Zigzagoon,Normal,,38,30,41,30,41,60,240
263,3,"Zigzagoon
Galarian Zigzagoon",Dark,Normal,38,30,41,30,41,60,240
264,3,Linoone,Normal,,78,70,61,50,61,100,420
264,3,"Linoone
Galarian Linoone",Dark,Normal,78,70,61,50,61,100,420
265,3,Wurmple,Bug,,45,45,35,20,30,20,195
266,3,Silcoon,Bug,,50,35,55,25,25,15,205
267,3,Beautifly,Bug,Flying,60,70,50,100,50,65,395
268,3,Cascoon,Bug,,50,35,55,25,25,15,205
269,3,Dustox,Bug,Poison,60,50,70,50,90,65,385
270,3,Lotad,Water,Grass,40,30,30,40,50,30,220
271,3,Lombre,Water,Grass,60,50,50,60,70,50,340
272,3,Ludicolo,Water,Grass,80,70,70,90,100,70,480
273,3,Seedot,Grass,,40,40,50,30,30,30,220
274,3,Nuzleaf,Grass,Dark,70,70,40,60,40,60,340
275,3,Shiftry,Grass,Dark,90,100,60,90,60,80,480
276,3,Taillow,Normal,Flying,40,55,30,30,30,85,270
277,3,Swellow,Normal,Flying,60,85,60,75,50,125,455
278,3,Wingull,Water,Flying,40,30,30,55,30,85,270
279,3,Pelipper,Water,Flying,60,50,100,95,70,65,440
280,3,Ralts,Psychic,Fairy,28,25,25,45,35,40,198
281,3,Kirlia,Psychic,Fairy,38,35,35,65,55,50,278
282,3,Gardevoir,Psychic,Fairy,68,65,65,125,115,80,518
282,3,"Gardevoir
Mega Gardevoir",Psychic,Fairy,68,85,65,165,135,100,618
283,3,Surskit,Bug,Water,40,30,32,50,52,65,269
284,3,Masquerain,Bug,Flying,70,60,62,100,82,80,454
285,3,Shroomish,Grass,,60,40,60,40,60,35,295
286,3,Breloom,Grass,Fighting,60,130,80,60,60,70,460
287,3,Slakoth,Normal,,60,60,60,35,35,30,280
288,3,Vigoroth,Normal,,80,80,80,55,55,90,440
289,3,Slaking,Normal,,150,160,100,95,65,100,670
290,3,Nincada,Bug,Ground,31,45,90,30,30,40,266
291,3,Ninjask,Bug,Flying,61,90,45,50,50,160,456
292,3,Shedinja,Bug,Ghost,1,90,45,30,30,40,236
293,3,Whismur,Normal,,64,51,23,51,23,28,240
294,3,Loudred,Normal,,84,71,43,71,43,48,360
295,3,Exploud,Normal,,104,91,63,91,73,68,490
296,3,Makuhita,Fighting,,72,60,30,20,30,25,237
297,3,Hariyama,Fighting,,144,120,60,40,60,50,474
298,3,Azurill,Normal,Fairy,50,20,40,20,40,20,190
299,3,Nosepass,Rock,,30,45,135,45,90,30,375
300,3,Skitty,Normal,,50,45,45,35,35,50,260
301,3,Delcatty,Normal,,70,65,65,55,55,90,400
302,3,Sableye,Dark,Ghost,50,75,75,65,65,50,380
302,3,"Sableye
Mega Sableye",Dark,Ghost,50,85,125,85,115,20,480
303,3,Mawile,Steel,Fairy,50,85,85,55,55,50,380
303,3,"Mawile
Mega Mawile",Steel,Fairy,50,105,125,55,95,50,480
304,3,Aron,Steel,Rock,50,70,100,40,40,30,330
305,3,Lairon,Steel,Rock,60,90,140,50,50,40,430
306,3,Aggron,Steel,Rock,70,110,180,60,60,50,530
306,3,"Aggron
Mega Aggron",Steel,,70,140,230,60,80,50,630
307,3,Meditite,Fighting,Psychic,30,40,55,40,55,60,280
308,3,Medicham,Fighting,Psychic,60,60,75,60,75,80,410
308,3,"Medicham
Mega Medicham",Fighting,Psychic,60,100,85,80,85,100,510
309,3,Electrike,Electric,,40,45,40,65,40,65,295
310,3,Manectric,Electric,,70,75,60,105,60,105,475
310,3,"Manectric
Mega Manectric",Electric,,70,75,80,135,80,135,575
311,3,Plusle,Electric,,60,50,40,85,75,95,405
312,3,Minun,Electric,,60,40,50,75,85,95,405
313,3,Volbeat,Bug,,65,73,75,47,85,85,430
314,3,Illumise,Bug,,65,47,75,73,85,85,430
315,3,Roselia,Grass,Poison,50,60,45,100,80,65,400
316,3,Gulpin,Poison,,70,43,53,43,53,40,302
317,3,Swalot,Poison,,100,73,83,73,83,55,467
318,3,Carvanha,Water,Dark,45,90,20,65,20,65,305
319,3,Sharpedo,Water,Dark,70,120,40,95,40,95,460
319,3,"Sharpedo
Mega Sharpedo",Water,Dark,70,140,70,110,65,105,560
320,3,Wailmer,Water,,130,70,35,70,35,60,400
321,3,Wailord,Water,,170,90,45,90,45,60,500
322,3,Numel,Fire,Ground,60,60,40,65,45,35,305
323,3,Camerupt,Fire,Ground,70,100,70,105,75,40,460
323,3,"Camerupt
Mega Camerupt",Fire,Ground,70,120,100,145,105,20,560
324,3,Torkoal,Fire,,70,85,140,85,70,20,470
325,3,Spoink,Psychic,,60,25,35,70,80,60,330
326,3,Grumpig,Psychic,,80,45,65,90,110,80,470
327,3,Spinda,Normal,,60,60,60,60,60,60,360
328,3,Trapinch,Ground,,45,100,45,45,45,10,290
329,3,Vibrava,Ground,Dragon,50,70,50,50,50,70,340
330,3,Flygon,Ground,Dragon,80,100,80,80,80,100,520
331,3,Cacnea,Grass,,50,85,40,85,40,35,335
332,3,Cacturne,Grass,Dark,70,115,60,115,60,55,475
333,3,Swablu,Normal,Flying,45,40,60,40,75,50,310
334,3,Altaria,Dragon,Flying,75,70,90,70,105,80,490
334,3,"Altaria
Mega Altaria",Dragon,Fairy,75,110,110,110,105,80,590
335,3,Zangoose,Normal,,73,115,60,60,60,90,458
336,3,Seviper,Poison,,73,100,60,100,60,65,458
337,3,Lunatone,Rock,Psychic,90,55,65,95,85,70,460
338,3,Solrock,Rock,Psychic,90,95,85,55,65,70,460
339,3,Barboach,Water,Ground,50,48,43,46,41,60,288
340,3,Whiscash,Water,Ground,110,78,73,76,71,60,468
341,3,Corphish,Water,,43,80,65,50,35,35,308
342,3,Crawdaunt,Water,Dark,63,120,85,90,55,55,468
343,3,Baltoy,Ground,Psychic,40,40,55,40,70,55,300
344,3,Claydol,Ground,Psychic,60,70,105,70,120,75,500
345,3,Lileep,Rock,Grass,66,41,77,61,87,23,355
346,3,Cradily,Rock,Grass,86,81,97,81,107,43,495
347,3,Anorith,Rock,Bug,45,95,50,40,50,75,355
348,3,Armaldo,Rock,Bug,75,125,100,70,80,45,495
349,3,Feebas,Water,,20,15,20,10,55,80,200
350,3,Milotic,Water,,95,60,79,100,125,81,540
351,3,Castform,Normal,,70,70,70,70,70,70,420
351,3,"Castform
Sunny Form",Fire,,70,70,70,70,70,70,420
351,3,"Castform
Rainy Form",Water,,70,70,70,70,70,70,420
351,3,"Castform
Snowy Form",Ice,,70,70,70,70,70,70,420
352,3,Kecleon,Normal,,60,90,70,60,120,40,440
353,3,Shuppet,Ghost,,44,75,35,63,33,45,295
354,3,Banette,Ghost,,64,115,65,83,63,65,455
354,3,"Banette
Mega Banette",Ghost,,64,165,75,93,83,75,555
355,3,Duskull,Ghost,,20,40,90,30,90,25,295
356,3,Dusclops,Ghost,,40,70,130,60,130,25,455
357,3,Tropius,Grass,Flying,99,68,83,72,87,51,460
358,3,Chimecho,Psychic,,75,50,80,95,90,65,455
359,3,Absol,Dark,,65,130,60,75,60,75,465
359,3,"Absol
Mega Absol",Dark,,65,150,60,115,60,115,565
360,3,Wynaut,Psychic,,95,23,48,23,48,23,260
361,3,Snorunt,Ice,,50,50,50,50,50,50,300
362,3,Glalie,Ice,,80,80,80,80,80,80,480
362,3,"Glalie
Mega Glalie",Ice,,80,120,80,120,80,100,580
363,3,Spheal,Ice,Water,70,40,50,55,50,25,290
364,3,Sealeo,Ice,Water,90,60,70,75,70,45,410
365,3,Walrein,Ice,Water,110,80,90,95,90,65,530
366,3,Clamperl,Water,,35,64,85,74,55,32,345
367,3,Huntail,Water,,55,104,105,94,75,52,485
368,3,Gorebyss,Water,,55,84,105,114,75,52,485
369,3,Relicanth,Water,Rock,100,90,130,45,65,55,485
370,3,Luvdisc,Water,,43,30,55,40,65,97,330
371,3,Bagon,Dragon,,45,75,60,40,30,50,300
372,3,Shelgon,Dragon,,65,95,100,60,50,50,420
373,3,Salamence,Dragon,Flying,95,135,80,110,80,100,600
373,3,"Salamence
Mega Salamence",Dragon,Flying,95,145,130,120,90,120,700
374,3,Beldum,Steel,Psychic,40,55,80,35,60,30,300
375,3,Metang,Steel,Psychic,60,75,100,55,80,50,420
376,3,Metagross,Steel,Psychic,80,135,130,95,90,70,600
376,3,"Metagross
Mega Metagross",Steel,Psychic,80,145,150,105,110,110,700
377,3,Regirock,Rock,,80,100,200,50,100,50,580
378,3,Regice,Ice,,80,50,100,100,200,50,580
379,3,Registeel,Steel,,80,75,150,75,150,50,580
380,3,Latias,Dragon,Psychic,80,80,90,110,130,110,600
380,3,"Latias
Mega Latias",Dragon,Psychic,80,100,120,140,150,110,700
381,3,Latios,Dragon,Psychic,80,90,80,130,110,110,600
381,3,"Latios
Mega Latios",Dragon,Psychic,80,130,100,160,120,110,700
382,3,Kyogre,Water,,100,100,90,150,140,90,670
382,3,"Kyogre
Primal Kyogre",Water,,100,150,90,180,160,90,770
383,3,Groudon,Ground,,100,150,140,100,90,90,670
383,3,"Groudon
Primal Groudon",Ground,Fire,100,180,160,150,90,90,770
384,3,Rayquaza,Dragon,Flying,105,150,90,150,90,95,680
384,3,"Rayquaza
Mega Rayquaza",Dragon,Flying,105,180,100,180,100,115,780
385,3,Jirachi,Steel,Psychic,100,100,100,100,100,100,600
386,3,"Deoxys
Normal Forme",Psychic,,50,150,50,150,50,150,600
386,3,"Deoxys
Attack Forme",Psychic,,50,180,20,180,20,150,600
386,3,"Deoxys
Defense Forme",Psychic,,50,70,160,70,160,90,600
386,3,"Deoxys
Speed Forme",Psychic,,50,95,90,95,90,180,600
387,4,Turtwig,Grass,,55,68,64,45,55,31,318
388,4,Grotle,Grass,,75,89,85,55,65,36,405
389,4,Torterra,Grass,Ground,95,109,105,75,85,56,525
390,4,Chimchar,Fire,,44,58,44,58,44,61,309
391,4,Monferno,Fire,Fighting,64,78,52,78,52,81,405
392,4,Infernape,Fire,Fighting,76,104,71,104,71,108,534
393,4,Piplup,Water,,53,51,53,61,56,40,314
394,4,Prinplup,Water,,64,66,68,81,76,50,405
395,4,Empoleon,Water,Steel,84,86,88,111,101,60,530
396,4,Starly,Normal,Flying,40,55,30,30,30,60,245
397,4,Staravia,Normal,Flying,55,75,50,40,40,80,340
398,4,Staraptor,Normal,Flying,85,120,70,50,60,100,485
399,4,Bidoof,Normal,,59,45,40,35,40,31,250
400,4,Bibarel,Normal,Water,79,85,60,55,60,71,410
401,4,Kricketot,Bug,,37,25,41,25,41,25,194
402,4,Kricketune,Bug,,77,85,51,55,51,65,384
403,4,Shinx,Electric,,45,65,34,40,34,45,263
404,4,Luxio,Electric,,60,85,49,60,49,60,363
405,4,Luxray,Electric,,80,120,79,95,79,70,523
406,4,Budew,Grass,Poison,40,30,35,50,70,55,280
407,4,Roserade,Grass,Poison,60,70,65,125,105,90,515
408,4,Cranidos,Rock,,67,125,40,30,30,58,350
409,4,Rampardos,Rock,,97,165,60,65,50,58,495
410,4,Shieldon,Rock,Steel,30,42,118,42,88,30,350
411,4,Bastiodon,Rock,Steel,60,52,168,47,138,30,495
412,4,"Burmy
Plant Cloak",Bug,,40,29,45,29,45,36,224
412,4,"Burmy
Sandy Cloak",Bug,,40,29,45,29,45,36,224
412,4,"Burmy
Trash Cloak",Bug,,40,29,45,29,45,36,224
413,4,"Wormadam
Plant Cloak",Bug,Grass,60,59,85,79,105,36,424
413,4,"Wormadam
Sandy Cloak",Bug,Ground,60,79,105,59,85,36,424
413,4,"Wormadam
Trash Cloak",Bug,Steel,60,69,95,69,95,36,424
414,4,Mothim,Bug,Flying,70,94,50,94,50,66,424
415,4,Combee,Bug,Flying,30,30,42,30,42,70,244
416,4,Vespiquen,Bug,Flying,70,80,102,80,102,40,474
417,4,Pachirisu,Electric,,60,45,70,45,90,95,405
418,4,Buizel,Water,,55,65,35,60,30,85,330
419,4,Floatzel,Water,,85,105,55,85,50,115,495
420,4,Cherubi,Grass,,45,35,45,62,53,35,275
421,4,Cherrim,Grass,,70,60,70,87,78,85,450
422,4,Shellos,Water,,76,48,48,57,62,34,325
423,4,Gastrodon,Water,Ground,111,83,68,92,82,39,475
424,4,Ambipom,Normal,,75,100,66,60,66,115,482
425,4,Drifloon,Ghost,Flying,90,50,34,60,44,70,348
426,4,Drifblim,Ghost,Flying,150,80,44,90,54,80,498
427,4,Buneary,Normal,,55,66,44,44,56,85,350
428,4,Lopunny,Normal,,65,76,84,54,96,105,480
428,4,"Lopunny
Mega Lopunny",Normal,Fighting,65,136,94,54,96,135,580
429,4,Mismagius,Ghost,,60,60,60,105,105,105,495
430,4,Honchkrow,Dark,Flying,100,125,52,105,52,71,505
431,4,Glameow,Normal,,49,55,42,42,37,85,310
432,4,Purugly,Normal,,71,82,64,64,59,112,452
433,4,Chingling,Psychic,,45,30,50,65,50,45,285
434,4,Stunky,Poison,Dark,63,63,47,41,41,74,329
435,4,Skuntank,Poison,Dark,103,93,67,71,61,84,479
436,4,Bronzor,Steel,Psychic,57,24,86,24,86,23,300
437,4,Bronzong,Steel,Psychic,67,89,116,79,116,33,500
438,4,Bonsly,Rock,,50,80,95,10,45,10,290
439,4,Mime Jr.,Psychic,Fairy,20,25,45,70,90,60,310
440,4,Happiny,Normal,,100,5,5,15,65,30,220
441,4,Chatot,Normal,Flying,76,65,45,92,42,91,411
442,4,Spiritomb,Ghost,Dark,50,92,108,92,108,35,485
443,4,Gible,Dragon,Ground,58,70,45,40,45,42,300
444,4,Gabite,Dragon,Ground,68,90,65,50,55,82,410
445,4,Garchomp,Dragon,Ground,108,130,95,80,85,102,600
445,4,"Garchomp
Mega Garchomp",Dragon,Ground,108,170,115,120,95,92,700
446,4,Munchlax,Normal,,135,85,40,40,85,5,390
447,4,Riolu,Fighting,,40,70,40,35,40,60,285
448,4,Lucario,Fighting,Steel,70,110,70,115,70,90,525
448,4,"Lucario
Mega Lucario",Fighting,Steel,70,145,88,140,70,112,625
449,4,Hippopotas,Ground,,68,72,78,38,42,32,330
450,4,Hippowdon,Ground,,108,112,118,68,72,47,525
451,4,Skorupi,Poison,Bug,40,50,90,30,55,65,330
452,4,Drapion,Poison,Dark,70,90,110,60,75,95,500
453,4,Croagunk,Poison,Fighting,48,61,40,61,40,50,300
454,4,Toxicroak,Poison,Fighting,83,106,65,86,65,85,490
455,4,Carnivine,Grass,,74,100,72,90,72,46,454
456,4,Finneon,Water,,49,49,56,49,61,66,330
457,4,Lumineon,Water,,69,69,76,69,86,91,460
458,4,Mantyke,Water,Flying,45,20,50,60,120,50,345
459,4,Snover,Grass,Ice,60,62,50,62,60,40,334
460,4,Abomasnow,Grass,Ice,90,92,75,92,85,60,494
460,4,"Abomasnow
Mega Abomasnow",Grass,Ice,90,132,105,132,105,30,594
461,4,Weavile,Dark,Ice,70,120,65,45,85,125,510
462,4,Magnezone,Electric,Steel,70,70,115,130,90,60,535
463,4,Lickilicky,Normal,,110,85,95,80,95,50,515
464,4,Rhyperior,Ground,Rock,115,140,130,55,55,40,535
465,4,Tangrowth,Grass,,100,100,125,110,50,50,535
466,4,Electivire,Electric,,75,123,67,95,85,95,540
467,4,Magmortar,Fire,,75,95,67,125,95,83,540
468,4,Togekiss,Fairy,Flying,85,50,95,120,115,80,545
469,4,Yanmega,Bug,Flying,86,76,86,116,56,95,515
470,4,Leafeon,Grass,,65,110,130,60,65,95,525
471,4,Glaceon,Ice,,65,60,110,130,95,65,525
472,4,Gliscor,Ground,Flying,75,95,125,45,75,95,510
473,4,Mamoswine,Ice,Ground,110,130,80,70,60,80,530
474,4,Porygon-Z,Normal,,85,80,70,135,75,90,535
475,4,Gallade,Psychic,Fighting,68,125,65,65,115,80,518
475,4,"Gallade
Mega Gallade",Psychic,Fighting,68,165,95,65,115,110,618
476,4,Probopass,Rock,Steel,60,55,145,75,150,40,525
477,4,Dusknoir,Ghost,,45,100,135,65,135,45,525
478,4,Froslass,Ice,Ghost,70,80,70,80,70,110,480
479,4,Rotom,Electric,Ghost,50,50,77,95,77,91,440
479,4,"Rotom
Heat Rotom",Electric,Fire,50,65,107,105,107,86,520
479,4,"Rotom
Wash Rotom",Electric,Water,50,65,107,105,107,86,520
479,4,"Rotom
Frost Rotom",Electric,Ice,50,65,107,105,107,86,520
479,4,"Rotom
Fan Rotom",Electric,Flying,50,65,107,105,107,86,520
479,4,"Rotom
Mow Rotom",Electric,Grass,50,65,107,105,107,86,520
480,4,Uxie,Psychic,,75,75,130,75,130,95,580
481,4,Mesprit,Psychic,,80,105,105,105,105,80,580
482,4,Azelf,Psychic,,75,125,70,125,70,115,580
483,4,Dialga,Steel,Dragon,100,120,120,150,100,90,680
483,4,"Dialga
Origin Forme",Steel,Dragon,100,100,120,150,120,90,680
484,4,Palkia,Water,Dragon,90,120,100,150,120,100,680
484,4,"Palkia
Origin Forme",Water,Dragon,90,100,100,150,120,120,680
485,4,Heatran,Fire,Steel,91,90,106,130,106,77,600
486,4,Regigigas,Normal,,110,160,110,80,110,100,670
487,4,"Giratina
Altered Forme",Ghost,Dragon,150,100,120,100,120,90,680
487,4,"Giratina
Origin Forme",Ghost,Dragon,150,120,100,120,100,90,680
488,4,Cresselia,Psychic,,120,70,110,75,120,85,580
489,4,Phione,Water,,80,80,80,80,80,80,480
490,4,Manaphy,Water,,100,100,100,100,100,100,600
491,4,Darkrai,Dark,,70,90,90,135,90,125,600
492,4,"Shaymin
Land Forme",Grass,,100,100,100,100,100,100,600
492,4,"Shaymin
Sky Forme",Grass,Flying,100,103,75,120,75,127,600
493,4,Arceus,Normal,,120,120,120,120,120,120,720
494,5,Victini,Psychic,Fire,100,100,100,100,100,100,600
495,5,Snivy,Grass,,45,45,55,45,55,63,308
496,5,Servine,Grass,,60,60,75,60,75,83,413
497,5,Serperior,Grass,,75,75,95,75,95,113,528
498,5,Tepig,Fire,,65,63,45,45,45,45,308
499,5,Pignite,Fire,Fighting,90,93,55,70,55,55,418
500,5,Emboar,Fire,Fighting,110,123,65,100,65,65,528
501,5,Oshawott,Water,,55,55,45,63,45,45,308
502,5,Dewott,Water,,75,75,60,83,60,60,413
503,5,Samurott,Water,,95,100,85,108,70,70,528
503,5,"Samurott
Hisuian Samurott",Water,Dark,90,108,80,100,65,85,528
504,5,Patrat,Normal,,45,55,39,35,39,42,255
505,5,Watchog,Normal,,60,85,69,60,69,77,420
506,5,Lillipup,Normal,,45,60,45,25,45,55,275
507,5,Herdier,Normal,,65,80,65,35,65,60,370
508,5,Stoutland,Normal,,85,110,90,45,90,80,500
509,5,Purrloin,Dark,,41,50,37,50,37,66,281
510,5,Liepard,Dark,,64,88,50,88,50,106,446
511,5,Pansage,Grass,,50,53,48,53,48,64,316
512,5,Simisage,Grass,,75,98,63,98,63,101,498
513,5,Pansear,Fire,,50,53,48,53,48,64,316
514,5,Simisear,Fire,,75,98,63,98,63,101,498
515,5,Panpour,Water,,50,53,48,53,48,64,316
516,5,Simipour,Water,,75,98,63,98,63,101,498
517,5,Munna,Psychic,,76,25,45,67,55,24,292
518,5,Musharna,Psychic,,116,55,85,107,95,29,487
519,5,Pidove,Normal,Flying,50,55,50,36,30,43,264
520,5,Tranquill,Normal,Flying,62,77,62,50,42,65,358
521,5,Unfezant,Normal,Flying,80,115,80,65,55,93,488
522,5,Blitzle,Electric,,45,60,32,50,32,76,295
523,5,Zebstrika,Electric,,75,100,63,80,63,116,497
524,5,Roggenrola,Rock,,55,75,85,25,25,15,280
525,5,Boldore,Rock,,70,105,105,50,40,20,390
526,5,Gigalith,Rock,,85,135,130,60,80,25,515
527,5,Woobat,Psychic,Flying,65,45,43,55,43,72,323
528,5,Swoobat,Psychic,Flying,67,57,55,77,55,114,425
529,5,Drilbur,Ground,,60,85,40,30,45,68,328
530,5,Excadrill,Ground,Steel,110,135,60,50,65,88,508
531,5,Audino,Normal,,103,60,86,60,86,50,445
531,5,"Audino
Mega Audino",Normal,Fairy,103,60,126,80,126,50,545
532,5,Timburr,Fighting,,75,80,55,25,35,35,305
533,5,Gurdurr,Fighting,,85,105,85,40,50,40,405
534,5,Conkeldurr,Fighting,,105,140,95,55,65,45,505
535,5,Tympole,Water,,50,50,40,50,40,64,294
536,5,Palpitoad,Water,Ground,75,65,55,65,55,69,384
537,5,Seismitoad,Water,Ground,105,95,75,85,75,74,509
538,5,Throh,Fighting,,120,100,85,30,85,45,465
539,5,Sawk,Fighting,,75,125,75,30,75,85,465
540,5,Sewaddle,Bug,Grass,45,53,70,40,60,42,310
541,5,Swadloon,Bug,Grass,55,63,90,50,80,42,380
542,5,Leavanny,Bug,Grass,75,103,80,70,80,92,500
543,5,Venipede,Bug,Poison,30,45,59,30,39,57,260
544,5,Whirlipede,Bug,Poison,40,55,99,40,79,47,360
545,5,Scolipede,Bug,Poison,60,100,89,55,69,112,485
546,5,Cottonee,Grass,Fairy,40,27,60,37,50,66,280
547,5,Whimsicott,Grass,Fairy,60,67,85,77,75,116,480
548,5,Petilil,Grass,,45,35,50,70,50,30,280
549,5,Lilligant,Grass,,70,60,75,110,75,90,480
549,5,"Lilligant
Hisuian Lilligant",Grass,Fighting,70,105,75,50,75,105,480
550,5,"Basculin
Red-Striped Form",Water,,70,92,65,80,55,98,460
550,5,"Basculin
Blue-Striped Form",Water,,70,92,65,80,55,98,460
550,5,"Basculin
White-Striped Form",Water,,70,92,65,80,55,98,460
551,5,Sandile,Ground,Dark,50,72,35,35,35,65,292
552,5,Krokorok,Ground,Dark,60,82,45,45,45,74,351
553,5,Krookodile,Ground,Dark,95,117,80,65,70,92,519
554,5,Darumaka,Fire,,70,90,45,15,45,50,315
554,5,"Darumaka
Galarian Darumaka",Ice,,70,90,45,15,45,50,315
555,5,"Darmanitan
Standard Mode",Fire,,105,140,55,30,55,95,480
555,5,"Darmanitan
Zen Mode",Fire,Psychic,105,30,105,140,105,55,540
555,5,"Darmanitan
Galarian Standard Mode",Ice,,105,140,55,30,55,95,480
555,5,"Darmanitan
Galarian Zen Mode",Ice,Fire,105,160,55,30,55,135,540
556,5,Maractus,Grass,,75,86,67,106,67,60,461
557,5,Dwebble,Bug,Rock,50,65,85,35,35,55,325
558,5,Crustle,Bug,Rock,70,105,125,65,75,45,485
559,5,Scraggy,Dark,Fighting,50,75,70,35,70,48,348
560,5,Scrafty,Dark,Fighting,65,90,115,45,115,58,488
561,5,Sigilyph,Psychic,Flying,72,58,80,103,80,97,490
562,5,Yamask,Ghost,,38,30,85,55,65,30,303
562,5,"Yamask
Galarian Yamask",Ground,Ghost,38,55,85,30,65,30,303
563,5,Cofagrigus,Ghost,,58,50,145,95,105,30,483
564,5,Tirtouga,Water,Rock,54,78,103,53,45,22,355
565,5,Carracosta,Water,Rock,74,108,133,83,65,32,495
566,5,Archen,Rock,Flying,55,112,45,74,45,70,401
567,5,Archeops,Rock,Flying,75,140,65,112,65,110,567
568,5,Trubbish,Poison,,50,50,62,40,62,65,329
569,5,Garbodor,Poison,,80,95,82,60,82,75,474
570,5,Zorua,Dark,,40,65,40,80,40,65,330
570,5,"Zorua
Hisuian Zorua",Normal,Ghost,35,60,40,85,40,70,330
571,5,Zoroark,Dark,,60,105,60,120,60,105,510
571,5,"Zoroark
Hisuian Zoroark",Normal,Ghost,60,105,60,120,60,105,510
572,5,Minccino,Normal,,55,50,40,40,40,75,300
573,5,Cinccino,Normal,,75,95,60,65,60,115,470
574,5,Gothita,Psychic,,45,30,50,55,65,45,290
575,5,Gothorita,Psychic,,60,45,70,75,85,55,390
576,5,Gothitelle,Psychic,,70,55,95,95,110,65,490
577,5,Solosis,Psychic,,45,30,40,105,50,20,290
578,5,Duosion,Psychic,,65,40,50,125,60,30,370
579,5,Reuniclus,Psychic,,110,65,75,125,85,30,490
580,5,Ducklett,Water,Flying,62,44,50,44,50,55,305
581,5,Swanna,Water,Flying,75,87,63,87,63,98,473
582,5,Vanillite,Ice,,36,50,50,65,60,44,305
583,5,Vanillish,Ice,,51,65,65,80,75,59,395
584,5,Vanilluxe,Ice,,71,95,85,110,95,79,535
585,5,Deerling,Normal,Grass,60,60,50,40,50,75,335
586,5,Sawsbuck,Normal,Grass,80,100,70,60,70,95,475
587,5,Emolga,Electric,Flying,55,75,60,75,60,103,428
588,5,Karrablast,Bug,,50,75,45,40,45,60,315
589,5,Escavalier,Bug,Steel,70,135,105,60,105,20,495
590,5,Foongus,Grass,Poison,69,55,45,55,55,15,294
591,5,Amoonguss,Grass,Poison,114,85,70,85,80,30,464
592,5,Frillish,Water,Ghost,55,40,50,65,85,40,335
593,5,Jellicent,Water,Ghost,100,60,70,85,105,60,480
594,5,Alomomola,Water,,165,75,80,40,45,65,470
595,5,Joltik,Bug,Electric,50,47,50,57,50,65,319
596,5,Galvantula,Bug,Electric,70,77,60,97,60,108,472
597,5,Ferroseed,Grass,Steel,44,50,91,24,86,10,305
598,5,Ferrothorn,Grass,Steel,74,94,131,54,116,20,489
599,5,Klink,Steel,,40,55,70,45,60,30,300
600,5,Klang,Steel,,60,80,95,70,85,50,440
601,5,Klinklang,Steel,,60,100,115,70,85,90,520
602,5,Tynamo,Electric,,35,55,40,45,40,60,275
603,5,Eelektrik,Electric,,65,85,70,75,70,40,405
604,5,Eelektross,Electric,,85,115,80,105,80,50,515
605,5,Elgyem,Psychic,,55,55,55,85,55,30,335
606,5,Beheeyem,Psychic,,75,75,75,125,95,40,485
607,5,Litwick,Ghost,Fire,50,30,55,65,55,20,275
608,5,Lampent,Ghost,Fire,60,40,60,95,60,55,370
609,5,Chandelure,Ghost,Fire,60,55,90,145,90,80,520
610,5,Axew,Dragon,,46,87,60,30,40,57,320
611,5,Fraxure,Dragon,,66,117,70,40,50,67,410
612,5,Haxorus,Dragon,,76,147,90,60,70,97,540
613,5,Cubchoo,Ice,,55,70,40,60,40,40,305
614,5,Beartic,Ice,,95,130,80,70,80,50,505
615,5,Cryogonal,Ice,,80,50,50,95,135,105,515
616,5,Shelmet,Bug,,50,40,85,40,65,25,305
617,5,Accelgor,Bug,,80,70,40,100,60,145,495
618,5,Stunfisk,Ground,Electric,109,66,84,81,99,32,471
618,5,"Stunfisk
Galarian Stunfisk",Ground,Steel,109,81,99,66,84,32,471
619,5,Mienfoo,Fighting,,45,85,50,55,50,65,350
620,5,Mienshao,Fighting,,65,125,60,95,60,105,510
621,5,Druddigon,Dragon,,77,120,90,60,90,48,485
622,5,Golett,Ground,Ghost,59,74,50,35,50,35,303
623,5,Golurk,Ground,Ghost,89,124,80,55,80,55,483
624,5,Pawniard,Dark,Steel,45,85,70,40,40,60,340
625,5,Bisharp,Dark,Steel,65,125,100,60,70,70,490
626,5,Bouffalant,Normal,,95,110,95,40,95,55,490
627,5,Rufflet,Normal,Flying,70,83,50,37,50,60,350
628,5,Braviary,Normal,Flying,100,123,75,57,75,80,510
628,5,"Braviary
Hisuian Braviary",Psychic,Flying,110,83,70,112,70,65,510
629,5,Vullaby,Dark,Flying,70,55,75,45,65,60,370
630,5,Mandibuzz,Dark,Flying,110,65,105,55,95,80,510
631,5,Heatmor,Fire,,85,97,66,105,66,65,484
632,5,Durant,Bug,Steel,58,109,112,48,48,109,484
633,5,Deino,Dark,Dragon,52,65,50,45,50,38,300
634,5,Zweilous,Dark,Dragon,72,85,70,65,70,58,420
635,5,Hydreigon,Dark,Dragon,92,105,90,125,90,98,600
636,5,Larvesta,Bug,Fire,55,85,55,50,55,60,360
637,5,Volcarona,Bug,Fire,85,60,65,135,105,100,550
638,5,Cobalion,Steel,Fighting,91,90,129,90,72,108,580
639,5,Terrakion,Rock,Fighting,91,129,90,72,90,108,580
640,5,Virizion,Grass,Fighting,91,90,72,90,129,108,580
641,5,"Tornadus
Incarnate Forme",Flying,,79,115,70,125,80,111,580
641,5,"Tornadus
Therian Forme",Flying,,79,100,80,110,90,121,580
642,5,"Thundurus
Incarnate Forme",Electric,Flying,79,115,70,125,80,111,580
642,5,"Thundurus
Therian Forme",Electric,Flying,79,105,70,145,80,101,580
643,5,Reshiram,Dragon,Fire,100,120,100,150,120,90,680
644,5,Zekrom,Dragon,Electric,100,150,120,120,100,90,680
645,5,"Landorus
Incarnate Forme",Ground,Flying,89,125,90,115,80,101,600
645,5,"Landorus
Therian Forme",Ground,Flying,89,145,90,105,80,91,600
646,5,Kyurem,Dragon,Ice,125,130,90,130,90,95,660
646,5,"Kyurem
White Kyurem",Dragon,Ice,125,120,90,170,100,95,700
646,5,"Kyurem
Black Kyurem",Dragon,Ice,125,170,100,120,90,95,700
647,5,"Keldeo
Ordinary Form",Water,Fighting,91,72,90,129,90,108,580
647,5,"Keldeo
Resolute Form",Water,Fighting,91,72,90,129,90,108,580
648,5,"Meloetta
Aria Forme",Normal,Psychic,100,77,77,128,128,90,600
648,5,"Meloetta
Pirouette Forme",Normal,Fighting,100,128,90,77,77,128,600
649,5,Genesect,Bug,Steel,71,120,95,120,95,99,600
650,6,Chespin,Grass,,56,61,65,48,45,38,313
651,6,Quilladin,Grass,,61,78,95,56,58,57,405
652,6,Chesnaught,Grass,Fighting,88,107,122,74,75,64,530
653,6,Fennekin,Fire,,40,45,40,62,60,60,307
654,6,Braixen,Fire,,59,59,58,90,70,73,409
655,6,Delphox,Fire,Psychic,75,69,72,114,100,104,534
656,6,Froakie,Water,,41,56,40,62,44,71,314
657,6,Frogadier,Water,,54,63,52,83,56,97,405
658,6,Greninja,Water,Dark,72,95,67,103,71,122,530
658,6,"Greninja
Ash-Greninja",Water,Dark,72,145,67,153,71,132,640
659,6,Bunnelby,Normal,,38,36,38,32,36,57,237
660,6,Diggersby,Normal,Ground,85,56,77,50,77,78,423
661,6,Fletchling,Normal,Flying,45,50,43,40,38,62,278
662,6,Fletchinder,Fire,Flying,62,73,55,56,52,84,382
663,6,Talonflame,Fire,Flying,78,81,71,74,69,126,499
664,6,Scatterbug,Bug,,38,35,40,27,25,35,200
665,6,Spewpa,Bug,,45,22,60,27,30,29,213
666,6,Vivillon,Bug,Flying,80,52,50,90,50,89,411
667,6,Litleo,Fire,Normal,62,50,58,73,54,72,369
668,6,Pyroar,Fire,Normal,86,68,72,109,66,106,507
669,6,Flabébé,Fairy,,44,38,39,61,79,42,303
670,6,Floette,Fairy,,54,45,47,75,98,52,371
671,6,Florges,Fairy,,78,65,68,112,154,75,552
672,6,Skiddo,Grass,,66,65,48,62,57,52,350
673,6,Gogoat,Grass,,123,100,62,97,81,68,531
674,6,Pancham,Fighting,,67,82,62,46,48,43,348
675,6,Pangoro,Fighting,Dark,95,124,78,69,71,58,495
676,6,Furfrou,Normal,,75,80,60,65,90,102,472
677,6,Espurr,Psychic,,62,48,54,63,60,68,355
678,6,"Meowstic
Male",Psychic,,74,48,76,83,81,104,466
678,6,"Meowstic
Female",Psychic,,74,48,76,83,81,104,466
679,6,Honedge,Steel,Ghost,45,80,100,35,37,28,325
680,6,Doublade,Steel,Ghost,59,110,150,45,49,35,448
681,6,"Aegislash
Shield Forme",Steel,Ghost,60,50,140,50,140,60,500
681,6,"Aegislash
Blade Forme",Steel,Ghost,60,140,50,140,50,60,500
682,6,Spritzee,Fairy,,78,52,60,63,65,23,341
683,6,Aromatisse,Fairy,,101,72,72,99,89,29,462
684,6,Swirlix,Fairy,,62,48,66,59,57,49,341
685,6,Slurpuff,Fairy,,82,80,86,85,75,72,480
686,6,Inkay,Dark,Psychic,53,54,53,37,46,45,288
687,6,Malamar,Dark,Psychic,86,92,88,68,75,73,482
688,6,Binacle,Rock,Water,42,52,67,39,56,50,306
689,6,Barbaracle,Rock,Water,72,105,115,54,86,68,500
690,6,Skrelp,Poison,Water,50,60,60,60,60,30,320
691,6,Dragalge,Poison,Dragon,65,75,90,97,123,44,494
692,6,Clauncher,Water,,50,53,62,58,63,44,330
693,6,Clawitzer,Water,,71,73,88,120,89,59,500
694,6,Helioptile,Electric,Normal,44,38,33,61,43,70,289
695,6,Heliolisk,Electric,Normal,62,55,52,109,94,109,481
696,6,Tyrunt,Rock,Dragon,58,89,77,45,45,48,362
697,6,Tyrantrum,Rock,Dragon,82,121,119,69,59,71,521
698,6,Amaura,Rock,Ice,77,59,50,67,63,46,362
699,6,Aurorus,Rock,Ice,123,77,72,99,92,58,521
700,6,Sylveon,Fairy,,95,65,65,110,130,60,525
701,6,Hawlucha,Fighting,Flying,78,92,75,74,63,118,500
702,6,Dedenne,Electric,Fairy,67,58,57,81,67,101,431
703,6,Carbink,Rock,Fairy,50,50,150,50,150,50,500
704,6,Goomy,Dragon,,45,50,35,55,75,40,300
705,6,Sliggoo,Dragon,,68,75,53,83,113,60,452
705,6,"Sliggoo
Hisuian Sliggoo",Steel,Dragon,58,75,83,83,113,40,452
706,6,Goodra,Dragon,,90,100,70,110,150,80,600
706,6,"Goodra
Hisuian Goodra",Steel,Dragon,80,100,100,110,150,60,600
707,6,Klefki,Steel,Fairy,57,80,91,80,87,75,470
708,6,Phantump,Ghost,Grass,43,70,48,50,60,38,309
709,6,Trevenant,Ghost,Grass,85,110,76,65,82,56,474
710,6,"Pumpkaboo
Average Size",Ghost,Grass,49,66,70,44,55,51,335
710,6,"Pumpkaboo
Small Size",Ghost,Grass,44,66,70,44,55,56,335
710,6,"Pumpkaboo
Large Size",Ghost,Grass,54,66,70,44,55,46,335
710,6,"Pumpkaboo
Super Size",Ghost,Grass,59,66,70,44,55,41,335
711,6,"Gourgeist
Average Size",Ghost,Grass,65,90,122,58,75,84,494
711,6,"Gourgeist
Small Size",Ghost,Grass,55,85,122,58,75,99,494
711,6,"Gourgeist
Large Size",Ghost,Grass,75,95,122,58,75,69,494
711,6,"Gourgeist
Super Size",Ghost,Grass,85,100,122,58,75,54,494
712,6,Bergmite,Ice,,55,69,85,32,35,28,304
713,6,Avalugg,Ice,,95,117,184,44,46,28,514
713,6,"Avalugg
Hisuian Avalugg",Ice,Rock,95,127,184,34,36,38,514
714,6,Noibat,Flying,Dragon,40,30,35,45,40,55,245
715,6,Noivern,Flying,Dragon,85,70,80,97,80,123,535
716,6,Xerneas,Fairy,,126,131,95,131,98,99,680
717,6,Yveltal,Dark,Flying,126,131,95,131,98,99,680
718,6,"Zygarde
50% Forme",Dragon,Ground,108,100,121,81,95,95,600
718,6,"Zygarde
10% Forme",Dragon,Ground,54,100,71,61,85,115,486
718,6,"Zygarde
Complete Forme",Dragon,Ground,216,100,121,91,95,85,708
719,6,Diancie,Rock,Fairy,50,100,150,100,150,50,600
719,6,"Diancie
Mega Diancie",Rock,Fairy,50,160,110,160,110,110,700
720,6,"Hoopa
Hoopa Confined",Psychic,Ghost,80,110,60,150,130,70,600
720,6,"Hoopa
Hoopa Unbound",Psychic,Dark,80,160,60,170,130,80,680
721,6,Volcanion,Fire,Water,80,110,120,130,90,70,600
722,7,Rowlet,Grass,Flying,68,55,55,50,50,42,320
723,7,Dartrix,Grass,Flying,78,75,75,70,70,52,420
724,7,Decidueye,Grass,Ghost,78,107,75,100,100,70,530
724,7,"Decidueye
Hisuian Decidueye",Grass,Fighting,88,112,80,95,95,60,530
725,7,Litten,Fire,,45,65,40,60,40,70,320
726,7,Torracat,Fire,,65,85,50,80,50,90,420
727,7,Incineroar,Fire,"Fire
Dark",95,115,90,80,90,60,530
728,7,Popplio,Water,,50,54,54,66,56,40,320
729,7,Brionne,Water,,60,69,69,91,81,50,420
730,7,Primarina,Water,Fairy,80,74,74,126,116,60,530
731,7,Pikipek,Normal,Flying,35,75,30,30,30,65,265
732,7,Trumbeak,Normal,Flying,55,85,50,40,50,75,355
733,7,Toucannon,Normal,Flying,80,120,75,75,75,60,485
734,7,Yungoos,Normal,,48,70,30,30,30,45,253
735,7,Gumshoos,Normal,,88,110,60,55,60,45,418
736,7,Grubbin,Bug,,47,62,45,55,45,46,300
737,7,Charjabug,Bug,Electric,57,82,95,55,75,36,400
738,7,Vikavolt,Bug,Electric,77,70,90,145,75,43,500
739,7,Crabrawler,Fighting,,47,82,57,42,47,63,338
740,7,Crabominable,Fighting,Ice,97,132,77,62,67,43,478
741,7,"Oricorio
Baile Style",Fire,Flying,75,70,70,98,70,93,476
741,7,"Oricorio
Pom-Pom Style",Electric,Flying,75,70,70,98,70,93,476
741,7,"Oricorio
Pa'u Style",Psychic,Flying,75,70,70,98,70,93,476
741,7,"Oricorio
Sensu Style",Ghost,Flying,75,70,70,98,70,93,476
742,7,Cutiefly,Bug,Fairy,40,45,40,55,40,84,304
743,7,Ribombee,Bug,Fairy,60,55,60,95,70,124,464
744,7,Rockruff,Rock,,45,65,40,30,40,60,280
744,7,"Rockruff
Own Tempo Rockruff",Rock,,45,65,40,30,40,60,280
745,7,"Lycanroc
Midday Form",Rock,,75,115,65,55,65,112,487
745,7,"Lycanroc
Midnight Form",Rock,,85,115,75,55,75,82,487
745,7,"Lycanroc
Dusk Form",Rock,,75,117,65,55,65,110,487
746,7,"Wishiwashi
Solo Form",Water,,45,20,20,25,25,40,175
746,7,"Wishiwashi
School Form",Water,,45,140,130,140,135,30,620
747,7,Mareanie,Poison,Water,50,53,62,43,52,45,305
748,7,Toxapex,Poison,Water,50,63,152,53,142,35,495
749,7,Mudbray,Ground,,70,100,70,45,55,45,385
750,7,Mudsdale,Ground,,100,125,100,55,85,35,500
751,7,Dewpider,Water,Bug,38,40,52,40,72,27,269
752,7,Araquanid,Water,Bug,68,70,92,50,132,42,454
753,7,Fomantis,Grass,,40,55,35,50,35,35,250
754,7,Lurantis,Grass,,70,105,90,80,90,45,480
755,7,Morelull,Grass,Fairy,40,35,55,65,75,15,285
756,7,Shiinotic,Grass,Fairy,60,45,80,90,100,30,405
757,7,Salandit,Poison,Fire,48,44,40,71,40,77,320
758,7,Salazzle,Poison,Fire,68,64,60,111,60,117,480
759,7,Stufful,Normal,Fighting,70,75,50,45,50,50,340
760,7,Bewear,Normal,Fighting,120,125,80,55,60,60,500
761,7,Bounsweet,Grass,,42,30,38,30,38,32,210
762,7,Steenee,Grass,,52,40,48,40,48,62,290
763,7,Tsareena,Grass,,72,120,98,50,98,72,510
764,7,Comfey,Fairy,,51,52,90,82,110,100,485
765,7,Oranguru,Normal,Psychic,90,60,80,90,110,60,490
766,7,Passimian,Fighting,,100,120,90,40,60,80,490
767,7,Wimpod,Bug,Water,25,35,40,20,30,80,230
768,7,Golisopod,Bug,Water,75,125,140,60,90,40,530
769,7,Sandygast,Ghost,Ground,55,55,80,70,45,15,320
770,7,Palossand,Ghost,Ground,85,75,110,100,75,35,480
771,7,Pyukumuku,Water,,55,60,130,30,130,5,410
772,7,Type: Null,Normal,,95,95,95,95,95,59,534
773,7,Silvally,Normal,,95,95,95,95,95,95,570
774,7,"Minior
Meteor Form",Rock,Flying,60,60,100,60,100,60,440
774,7,"Minior
Core Form",Rock,Flying,60,100,60,100,60,120,500
775,7,Komala,Normal,,65,115,65,75,95,65,480
776,7,Turtonator,Fire,Dragon,60,78,135,91,85,36,485
777,7,Togedemaru,Electric,Steel,65,98,63,40,73,96,435
778,7,Mimikyu,Ghost,Fairy,55,90,80,50,105,96,476
779,7,Bruxish,Water,Psychic,68,105,70,70,70,92,475
780,7,Drampa,Normal,Dragon,78,60,85,135,91,36,485
781,7,Dhelmise,Ghost,Grass,70,131,100,86,90,40,517
782,7,Jangmo-o,Dragon,,45,55,65,45,45,45,300
783,7,Hakamo-o,Dragon,Fighting,55,75,90,65,70,65,420
784,7,Kommo-o,Dragon,Fighting,75,110,125,100,105,85,600
785,7,Tapu Koko,Electric,Fairy,70,115,85,95,75,130,570
786,7,Tapu Lele,Psychic,Fairy,70,85,75,130,115,95,570
787,7,Tapu Bulu,Grass,Fairy,70,130,115,85,95,75,570
788,7,Tapu Fini,Water,Fairy,70,75,115,95,130,85,570
789,7,Cosmog,Psychic,,43,29,31,29,31,37,200
790,7,Cosmoem,Psychic,,43,29,131,29,131,37,400
791,7,Solgaleo,Psychic,Steel,137,137,107,113,89,97,680
792,7,Lunala,Psychic,Ghost,137,113,89,137,107,97,680
793,7,Nihilego,Rock,Poison,109,53,47,127,131,103,570
794,7,Buzzwole,Bug,Fighting,107,139,139,53,53,79,570
795,7,Pheromosa,Bug,Fighting,71,137,37,137,37,151,570
796,7,Xurkitree,Electric,,83,89,71,173,71,83,570
797,7,Celesteela,Steel,Flying,97,101,103,107,101,61,570
798,7,Kartana,Grass,Steel,59,181,131,59,31,109,570
799,7,Guzzlord,Dark,Dragon,223,101,53,97,53,43,570
800,7,Necrozma,Psychic,,97,107,101,127,89,79,600
800,7,"Necrozma
Dusk Mane Necrozma",Psychic,Steel,97,157,127,113,109,77,680
800,7,"Necrozma
Dawn Wings Necrozma",Psychic,Ghost,97,113,109,157,127,77,680
800,7,"Necrozma
Ultra Necrozma",Psychic,Dragon,97,167,97,167,97,129,754
801,7,Magearna,Steel,Fairy,80,95,115,130,115,65,600
802,7,Marshadow,Fighting,Ghost,90,125,80,90,90,125,600
803,7,Poipole,Poison,,67,73,67,73,67,73,420
804,7,Naganadel,Poison,Dragon,73,73,73,127,73,121,540
805,7,Stakataka,Rock,Steel,61,131,211,53,101,13,570
806,7,Blacephalon,Fire,Ghost,53,127,53,151,79,107,570
807,7,Zeraora,Electric,,88,112,75,102,80,143,600
808,7,Meltan,Steel,,46,65,65,55,35,34,300
809,7,Melmetal,Steel,,135,143,143,80,65,34,600
810,8,Grookey,Grass,,50,65,50,40,40,65,310
811,8,Thwackey,Grass,,70,85,70,55,60,80,420
812,8,Rillaboom,Grass,,100,125,90,60,70,85,530
813,8,Scorbunny,Fire,,50,71,40,40,40,69,310
814,8,Raboot,Fire,,65,86,60,55,60,94,420
815,8,Cinderace,Fire,,80,116,75,65,75,119,530
816,8,Sobble,Water,,50,40,40,70,40,70,310
817,8,Drizzile,Water,,65,60,55,95,55,90,420
818,8,Inteleon,Water,,70,85,65,125,65,120,530
819,8,Skwovet,Normal,,70,55,55,35,35,25,275
820,8,Greedent,Normal,,120,95,95,55,75,20,460
821,8,Rookidee,Flying,,38,47,35,33,35,57,245
822,8,Corvisquire,Flying,,68,67,55,43,55,77,365
823,8,Corviknight,Flying,Steel,98,87,105,53,85,67,495
824,8,Blipbug,Bug,,25,20,20,25,45,45,180
825,8,Dottler,Bug,Psychic,50,35,80,50,90,30,335
826,8,Orbeetle,Bug,Psychic,60,45,110,80,120,90,505
827,8,Nickit,Dark,,40,28,28,47,52,50,245
828,8,Thievul,Dark,,70,58,58,87,92,90,455
829,8,Gossifleur,Grass,,40,40,60,40,60,10,250
830,8,Eldegoss,Grass,,60,50,90,80,120,60,460
831,8,Wooloo,Normal,,42,40,55,40,45,48,270
832,8,Dubwool,Normal,,72,80,100,60,90,88,490
833,8,Chewtle,Water,,50,64,50,38,38,44,284
834,8,Drednaw,Water,Rock,90,115,90,48,68,74,485
835,8,Yamper,Electric,,59,45,50,40,50,26,270
836,8,Boltund,Electric,,69,90,60,90,60,121,490
837,8,Rolycoly,Rock,,30,40,50,40,50,30,240
838,8,Carkol,Rock,Fire,80,60,90,60,70,50,410
839,8,Coalossal,Rock,Fire,110,80,120,80,90,30,510
840,8,Applin,Grass,Dragon,40,40,80,40,40,20,260
841,8,Flapple,Grass,Dragon,70,110,80,95,60,70,485
842,8,Appletun,Grass,Dragon,110,85,80,100,80,30,485
843,8,Silicobra,Ground,,52,57,75,35,50,46,315
844,8,Sandaconda,Ground,,72,107,125,65,70,71,510
845,8,Cramorant,Flying,Water,70,85,55,85,95,85,475
846,8,Arrokuda,Water,,41,63,40,40,30,66,280
847,8,Barraskewda,Water,,61,123,60,60,50,136,490
848,8,Toxel,Electric,Poison,40,38,35,54,35,40,242
849,8,"Toxtricity
Amped Form",Electric,Poison,75,98,70,114,70,75,502
849,8,"Toxtricity
Low Key Form",Electric,Poison,75,98,70,114,70,75,502
850,8,Sizzlipede,Fire,Bug,50,65,45,50,50,45,305
851,8,Centiskorch,Fire,Bug,100,115,65,90,90,65,525
852,8,Clobbopus,Fighting,,50,68,60,50,50,32,310
853,8,Grapploct,Fighting,,80,118,90,70,80,42,480
854,8,Sinistea,Ghost,,40,45,45,74,54,50,308
855,8,Polteageist,Ghost,,60,65,65,134,114,70,508
856,8,Hatenna,Psychic,,42,30,45,56,53,39,265
857,8,Hattrem,Psychic,,57,40,65,86,73,49,370
858,8,Hatterene,Psychic,Fairy,57,90,95,136,103,29,510
859,8,Impidimp,Dark,Fairy,45,45,30,55,40,50,265
860,8,Morgrem,Dark,Fairy,65,60,45,75,55,70,370
861,8,Grimmsnarl,Dark,Fairy,95,120,65,95,75,60,510
862,8,Obstagoon,Dark,Normal,93,90,101,60,81,95,520
863,8,Perrserker,Steel,,70,110,100,50,60,50,440
864,8,Cursola,Ghost,,60,95,50,145,130,30,510
865,8,Sirfetch'd,Fighting,,62,135,95,68,82,65,507
866,8,Mr. Rime,Ice,Psychic,80,85,75,110,100,70,520
867,8,Runerigus,Ground,Ghost,58,95,145,50,105,30,483
868,8,Milcery,Fairy,,45,40,40,50,61,34,270
869,8,Alcremie,Fairy,,65,60,75,110,121,64,495
870,8,Falinks,Fighting,,65,100,100,70,60,75,470
871,8,Pincurchin,Electric,,48,101,95,91,85,15,435
872,8,Snom,Ice,Bug,30,25,35,45,30,20,185
873,8,Frosmoth,Ice,Bug,70,65,60,125,90,65,475
874,8,Stonjourner,Rock,,100,125,135,20,20,70,470
875,8,"Eiscue
Ice Face",Ice,,75,80,110,65,90,50,470
875,8,"Eiscue
Noice Face",Ice,,75,80,70,65,50,130,470
876,8,"Indeedee
Male",Psychic,Normal,60,65,55,105,95,95,475
876,8,"Indeedee
Female",Psychic,Normal,70,55,65,95,105,85,475
877,8,"Morpeko
Full Belly Mode",Electric,Dark,58,95,58,70,58,97,436
877,8,"Morpeko
Hangry Mode",Electric,Dark,58,95,58,70,58,97,436
878,8,Cufant,Steel,,72,80,49,40,49,40,330
879,8,Copperajah,Steel,,122,130,69,80,69,30,500
880,8,Dracozolt,Electric,Dragon,90,100,90,80,70,75,505
881,8,Arctozolt,Electric,Ice,90,100,90,90,80,55,505
882,8,Dracovish,Water,Dragon,90,90,100,70,80,75,505
883,8,Arctovish,Water,Ice,90,90,100,80,90,55,505
884,8,Duraludon,Steel,Dragon,70,95,115,120,50,85,535
885,8,Dreepy,Dragon,Ghost,28,60,30,40,30,82,270
886,8,Drakloak,Dragon,Ghost,68,80,50,60,50,102,410
887,8,Dragapult,Dragon,Ghost,88,120,75,100,75,142,600
888,8,"Zacian
Hero of Many Battles",Fairy,,92,120,115,80,115,138,660
888,8,"Zacian
Crowned Sword",Fairy,Steel,92,150,115,80,115,148,700
889,8,"Zamazenta
Hero of Many Battles",Fighting,,92,120,115,80,115,138,660
889,8,"Zamazenta
Crowned Shield",Fighting,Steel,92,120,140,80,140,128,700
890,8,Eternatus,Poison,Dragon,140,85,95,145,95,130,690
890,8,"Eternatus
Eternamax",Poison,Dragon,255,115,250,125,250,130,1125
891,8,Kubfu,Fighting,,60,90,60,53,50,72,385
892,8,"Urshifu
Single Strike Style",Fighting,Dark,100,130,100,63,60,97,550
892,8,"Urshifu
Rapid Strike Style",Fighting,Water,100,130,100,63,60,97,550
893,8,Zarude,Dark,Grass,105,120,105,70,95,105,600
894,8,Regieleki,Electric,,80,100,50,100,50,200,580
895,8,Regidrago,Dragon,,200,100,50,100,50,80,580
896,8,Glastrier,Ice,,100,145,130,65,110,30,580
897,8,Spectrier,Ghost,,100,65,60,145,80,130,580
898,8,Calyrex,Psychic,Grass,100,80,80,80,80,80,500
898,8,"Calyrex
Ice Rider",Psychic,Ice,100,165,150,85,130,50,680
898,8,"Calyrex
Shadow Rider",Psychic,Ghost,100,85,80,165,100,150,680
899,8,Wyrdeer,Normal,Psychic,103,105,72,105,75,65,525
900,8,Kleavor,Bug,Rock,70,130,95,45,75,85,500
901,8,Ursaluna,Ground,Normal,130,140,105,45,80,50,550
902,8,"Basculegion
Male",Water,Ghost,120,112,65,80,75,78,530
902,8,"Basculegion
Female",Water,Ghost,120,92,65,100,75,78,530
903,8,Sneasler,Poison,Fighting,80,130,60,40,80,120,510
904,8,Overqwil,Dark,Poison,85,115,95,65,65,85,510
905,8,"Enamorus
Incarnate Forme",Fairy,Flying,74,115,70,135,80,106,580
905,8,"Enamorus
Therian Forme",Fairy,Flying,74,115,110,135,100,46,580
906,9,Sprigatito,Grass,,40,61,54,45,45,65,310
907,9,Floragato,Grass,,61,80,63,60,63,83,410
908,9,Meowscarada,Grass,Dark,76,110,70,81,70,123,530
909,9,Fuecoco,Fire,,67,45,59,63,40,36,310
910,9,Crocalor,Fire,,81,55,78,90,58,49,411
911,9,Skeledirge,Fire,Ghost,104,75,100,110,75,66,530
912,9,Quaxly,Water,,55,65,45,50,45,50,310
913,9,Quaxwell,Water,,70,85,65,65,60,65,410
914,9,Quaquaval,Water,Fighting,85,120,80,85,75,85,530
915,9,Lechonk,Normal,,54,45,40,35,45,35,254
916,9,"Oinkologne
Male",Normal,,110,100,75,59,80,65,489
916,9,"Oinkologne
Female",Normal,,115,90,70,59,90,65,489
917,9,Tarountula,Bug,,35,41,45,29,40,20,210
918,9,Spidops,Bug,,60,79,92,52,86,35,404
919,9,Nymble,Bug,,33,46,40,21,25,45,210
920,9,Lokix,Bug,Dark,71,102,78,52,55,92,450
921,9,Pawmi,Electric,,45,50,20,40,25,60,240
922,9,Pawmo,Electric,Fighting,60,75,40,50,40,85,350
923,9,Pawmot,Electric,Fighting,70,115,70,70,60,105,490
924,9,Tandemaus,Normal,,50,50,45,40,45,75,305
925,9,"Maushold
Family of Three",Normal,,74,75,70,65,75,111,470
925,9,"Maushold
Family of Four",Normal,,74,75,70,65,75,111,470
926,9,Fidough,Fairy,,37,55,70,30,55,65,312
927,9,Dachsbun,Fairy,,57,80,115,50,80,95,477
928,9,Smoliv,Grass,Normal,41,35,45,58,51,30,260
929,9,Dolliv,Grass,Normal,52,53,60,78,78,33,354
930,9,Arboliva,Grass,Normal,78,69,90,125,109,39,510
931,9,"Squawkabilly
Green Plumage",Normal,Flying,82,96,51,45,51,92,417
931,9,"Squawkabilly
Blue Plumage",Normal,Flying,82,96,51,45,51,92,417
931,9,"Squawkabilly
Yellow Plumage",Normal,Flying,82,96,51,45,51,92,417
931,9,"Squawkabilly
White Plumage",Normal,Flying,82,96,51,45,51,92,417
932,9,Nacli,Rock,,55,55,75,35,35,25,280
933,9,Naclstack,Rock,,60,60,100,35,65,35,355
934,9,Garganacl,Rock,,100,100,130,45,90,35,500
935,9,Charcadet,Fire,,40,50,40,50,40,35,255
936,9,Armarouge,Fire,Psychic,85,60,100,125,80,75,525
937,9,Ceruledge,Fire,Ghost,75,125,80,60,100,85,525
938,9,Tadbulb,Electric,,61,31,41,59,35,45,272
939,9,Bellibolt,Electric,,109,64,91,103,83,45,495
940,9,Wattrel,Electric,Flying,40,40,35,55,40,70,280
941,9,Kilowattrel,Electric,Flying,70,70,60,105,60,125,490
942,9,Maschiff,Dark,,60,78,60,40,51,51,340
943,9,Mabosstiff,Dark,,80,120,90,60,70,85,505
944,9,Shroodle,Poison,Normal,40,65,35,40,35,75,290
945,9,Grafaiai,Poison,Normal,63,95,65,80,72,110,485
946,9,Bramblin,Grass,Ghost,40,65,30,45,35,60,275
947,9,Brambleghast,Grass,Ghost,55,115,70,80,70,90,480
948,9,Toedscool,Ground,Grass,40,40,35,50,100,70,335
949,9,Toedscruel,Ground,Grass,80,70,65,80,120,100,515
950,9,Klawf,Rock,,70,100,115,35,55,75,450
951,9,Capsakid,Grass,,50,62,40,62,40,50,304
952,9,Scovillain,Grass,Fire,65,108,65,108,65,75,486
953,9,Rellor,Bug,Bug,41,50,60,31,58,30,270
954,9,Rabsca,Bug,Psychic,75,50,85,115,100,45,470
955,9,Flittle,Psychic,,30,35,30,55,30,75,255
956,9,Espathra,Psychic,,95,60,60,101,60,105,481
957,9,Tinkatink,Fairy,Steel,50,45,45,35,64,58,297
958,9,Tinkatuff,Fairy,Steel,65,55,55,45,82,78,380
959,9,Tinkaton,Fairy,Steel,85,75,77,70,105,94,506
960,9,Wiglett,Water,,10,55,25,35,25,95,245
961,9,Wugtrio,Water,,35,100,50,50,70,120,425
962,9,Bombirdier,Flying,Dark,70,103,85,60,85,82,485
963,9,Finizen,Water,,70,45,40,45,40,75,315
964,9,"Palafin
Zero Form",Water,,100,70,72,53,62,100,457
964,9,"Palafin
Hero Form",Water,,100,160,97,106,87,100,650
965,9,Varoom,Steel,Poison,45,70,63,30,45,47,300
966,9,Revavroom,Steel,Poison,80,119,90,54,67,90,500
967,9,Cyclizar,Dragon,Normal,70,95,65,85,65,121,501
968,9,Orthworm,Steel,,70,85,145,60,55,65,480
969,9,Glimmet,Rock,Poison,48,35,42,105,60,60,350
970,9,Glimmora,Rock,Poison,83,55,90,130,81,86,525
971,9,Greavard,Ghost,,50,61,60,30,55,34,290
972,9,Houndstone,Ghost,,72,101,100,50,97,68,488
973,9,Flamigo,Flying,Fighting,82,115,74,75,64,90,500
974,9,Cetoddle,Ice,,108,68,45,30,40,43,334
975,9,Cetitan,Ice,,170,113,65,45,55,73,521
976,9,Veluza,Water,Psychic,90,102,73,78,65,70,478
977,9,Dondozo,Water,,150,100,115,65,65,35,530
978,9,Tatsugiri,Dragon,Water,68,50,60,120,95,82,475
979,9,Annihilape,Fighting,Ghost,110,115,80,50,90,90,535
980,9,Clodsire,Poison,Ground,130,75,60,45,100,20,430
981,9,Farigiraf,Normal,Psychic,120,90,70,110,70,60,520
982,9,"Dudunsparce
Two-Segment Form",Normal,,125,100,80,85,75,55,520
982,9,"Dudunsparce
Three-Segment Form",Normal,,125,100,80,85,75,55,520
983,9,Kingambit,Dark,Steel,100,135,120,60,85,50,550
984,9,Great Tusk,Ground,Fighting,115,131,131,53,53,87,570
985,9,Scream Tail,Fairy,Psychic,115,65,99,65,115,111,570
986,9,Brute Bonnet,Grass,Dark,111,127,99,79,99,55,570
987,9,Flutter Mane,Ghost,Fairy,55,55,55,135,135,135,570
988,9,Slither Wing,Bug,Fighting,85,135,79,85,105,81,570
989,9,Sandy Shocks,Electric,Ground,85,81,97,121,85,101,570
990,9,Iron Treads,Ground,Steel,90,112,120,72,70,106,570
991,9,Iron Bundle,Ice,Water,56,80,114,124,60,136,570
992,9,Iron Hands,Fighting,Electric,154,140,108,50,68,50,570
993,9,Iron Jugulis,Dark,Flying,94,80,86,122,80,108,570
994,9,Iron Moth,Fire,Poison,80,70,60,140,110,110,570
995,9,Iron Thorns,Rock,Electric,100,134,110,70,84,72,570
996,9,Frigibax,Dragon,Ice,65,75,45,35,45,55,320
997,9,Arctibax,Dragon,Ice,90,95,66,45,65,62,423
998,9,Baxcalibur,Dragon,Ice,115,145,92,75,86,87,600
999,9,"Gimmighoul
Chest Form",Ghost,,45,30,70,75,70,10,300
999,9,"Gimmighoul
Roaming Form",Ghost,,45,30,25,75,45,80,300
1000,9,Gholdengo,Steel,Ghost,87,60,95,133,91,84,550
1001,9,Wo-Chien,Dark,Grass,85,85,100,95,135,70,570
1002,9,Chien-Pao,Dark,Ice,80,120,80,90,65,135,570
1003,9,Ting-Lu,Dark,Ground,155,110,125,55,80,45,570
1004,9,Chi-Yu,Dark,Fire,55,80,80,135,120,100,570
1005,9,Roaring Moon,Dragon,Dark,105,139,71,55,101,119,590
1006,9,Iron Valiant,Fairy,Fighting,74,130,90,120,60,116,590
1007,9,Koraidon,Fighting,Dragon,100,135,115,85,100,135,670
1008,9,Miraidon,Electric,Dragon,100,85,100,135,115,135,670
